<?xml version="1.0" encoding="UTF-8"?>
<!DOCTYPE generatorConfiguration
        PUBLIC "-//mybatis.org//DTD MyBatis Generator Configuration 1.0//EN"
        "http://mybatis.org/dtd/mybatis-generator-config_1_0.dtd">
<generatorConfiguration>

    <context id="TestMybatisGenerator" targetRuntime="MyBatis3">
        <!--1.生产代码使用的插件-->
        <plugin type="org.mybatis.generator.plugins.ToStringPlugin" />
        <plugin type="org.mybatis.generator.plugins.SerializablePlugin" />

        <!--去掉生产代码的注释，必须放这个位置，在jdbcConnection前面-->
        <commentGenerator>
            <property name="suppressDate" value="true"/>
            <property name="suppressAllComments" value="true" />
        </commentGenerator>

        <!--2.mysql连接信息-->
        <jdbcConnection driverClass="com.mysql.cj.jdbc.Driver"
                        connectionURL="jdbc:mysql://localhost:3306/testjdbc?useSSL=false&amp;serverTimezone=Asia/Shanghai"
                        userId="root"
                        password="111111">
        </jdbcConnection>

        <!--3.生成实体类储存位置-->
        <javaModelGenerator targetPackage="test.pojo" targetProject="D:\idea-workspace\mybatis-generator\src\main\java">
            <property name="enableSubPackages" value="true"/>
            <property name="trimStrings" value="true"/>
        </javaModelGenerator>

        <!--4.生成mapper文件存放位置-->
        <sqlMapGenerator targetPackage="test.mapper" targetProject="D:\idea-workspace\mybatis-generator\src\main\java">
            <property name="enableSubPackages" value="true"/>
        </sqlMapGenerator>

        <!--5.生成Mapper接口存放位置-->
        <javaClientGenerator type="XMLMAPPER" targetPackage="test.mapper"
                             targetProject="D:\idea-workspace\mybatis-generator\src\main\java">
            <property name="enableSubPackages" value="true"/>
        </javaClientGenerator>

        <!--6.配置生产哪些表-->
        <table tableName="user" domainObjectName="User"></table>

    </context>
</generatorConfiguration>