<?xml version="1.0" encoding="UTF-8"?>
<!DOCTYPE configuration PUBLIC "-//mybatis.org//DTD Config 3.0//EN" 
      "http://www.mybatis.org/dtd/mybatis-3-config.dtd">
<configuration>
	<!-- 设置log4j调试sql -->
	<settings>
		<setting name="logImpl" value="LOG4J"/>
	</settings>
	
	<!-- 这里使用别名相当于导包，mapper.xml中直接可以写类名 -->
	<typeAliases>
		<package name="test.pojo"></package>
	</typeAliases>
	
	<!-- default引用environment的id,当前所使用的环境 -->
	<environments default="default">
		<!-- 声明可以使用的环境 -->
		<environment id="default">
			<!-- 使用原生JDBC事务 -->
			<transactionManager type="JDBC"></transactionManager>
			<dataSource type="POOLED">
				<property name="driver" value="com.mysql.cj.jdbc.Driver"/>
				<property name="url" value="jdbc:mysql://localhost:3306/testjdbc?useSSL=false&amp;serverTimezone=Asia/Shanghai"/>
				<property name="username" value="root"/>
				<property name="password" value="111111"/>
			</dataSource>
		</environment>
	</environments>
	<mappers>
		<mapper resource="test/mapper/StudentMapper.xml"/>
		<mapper resource="test/mapper/TeacherMapper.xml"/>
	</mappers>
</configuration>