<?xml version="1.0" encoding="UTF-8"?>
<beans xmlns="http://www.springframework.org/schema/beans"
	xmlns:xsi="http://www.w3.org/2001/XMLSchema-instance" 
	xmlns:aop="http://www.springframework.org/schema/aop"
	xmlns:tx="http://www.springframework.org/schema/tx" 
	xmlns:context="http://www.springframework.org/schema/context"
	xsi:schemaLocation="http://www.springframework.org/schema/beans
        http://www.springframework.org/schema/beans/spring-beans.xsd
        http://www.springframework.org/schema/aop
        http://www.springframework.org/schema/aop/spring-aop.xsd
        http://www.springframework.org/schema/context
        http://www.springframework.org/schema/context/spring-context.xsd
        http://www.springframework.org/schema/tx
        http://www.springframework.org/schema/tx/spring-tx.xsd" default-autowire="byName">
    <!-- 注解扫描 -->
    <context:component-scan base-package="test.service.impl,redis.dao.impl"></context:component-scan>
    <!-- 加载属性文件 -->
    <context:property-placeholder location="classpath:db.properties"/>
    <!-- 数据源 -->
    <bean id="dataSource" class="org.springframework.jdbc.datasource.DriverManagerDataSource">
    	<property name="driverClassName" value="${jdbc.driver}"></property>
    	<property name="url" value="${jdbc.url}"></property>
    	<property name="username" value="${jdbc.username}"></property>
    	<property name="password" value="${jdbc.password}"></property>
    </bean>
    <!-- SqlSessionFactory -->
    <bean id="factory" class="org.mybatis.spring.SqlSessionFactoryBean">
    	<property name="dataSource" ref="dataSource"></property>
    	<property name="typeAliasesPackage" value="test.pojo"></property>
    </bean>
    <!-- 扫描器 -->
    <bean class="org.mybatis.spring.mapper.MapperScannerConfigurer">
    	<property name="basePackage" value="test.mapper"></property>
    	<property name="sqlSessionFactoryBeanName" value="factory"></property>
    </bean>
    <!-- 事务管理器 -->
    <bean id="txManage" class="org.springframework.jdbc.datasource.DataSourceTransactionManager">
    	<property name="dataSource" ref="dataSource"></property>
    </bean>
    <!-- 声明式事务 -->
    <tx:advice id="txAdvice" transaction-manager="txManage">
    	<tx:attributes>
    		<tx:method name="ins*"/>
    		<tx:method name="del*"/>
    		<tx:method name="upd*"/>
    		<tx:method name="*" read-only="true"/>
    	</tx:attributes>
    </tx:advice>
    <!-- 配置aop -->
    <aop:config>
    	<aop:pointcut expression="execution(* test.service.impl.*.*(..))" id="mypoint"/>
    	<aop:advisor advice-ref="txAdvice" pointcut-ref="mypoint"/>
    </aop:config>
</beans>