<?xml version="1.0" encoding="UTF-8"?>
<beans xmlns="http://www.springframework.org/schema/beans"
	xmlns:xsi="http://www.w3.org/2001/XMLSchema-instance" 
	xmlns:context="http://www.springframework.org/schema/context"
	xmlns:dubbo="http://code.alibabatech.com/schema/dubbo"
	xsi:schemaLocation="http://www.springframework.org/schema/beans 
	http://www.springframework.org/schema/beans/spring-beans.xsd
		http://www.springframework.org/schema/context 
		http://www.springframework.org/schema/context/spring-context.xsd
		http://code.alibabatech.com/schema/dubbo 
		http://code.alibabatech.com/schema/dubbo/dubbo.xsd">
	<dubbo:application name="m-user-dubbo-service"/>	
	
	<dubbo:registry address="127.0.0.1:2181" protocol="zookeeper"></dubbo:registry>
	
	<dubbo:protocol name="dubbo" port="20880"></dubbo:protocol>
	
	<dubbo:service interface="m_user.dubbo.service.UserDubboService" ref="userDubboServiceImpl"></dubbo:service>
	<!-- @Service注解和dubbo有冲突 所以使用配置文件管理 -->
	<bean id="userDubboServiceImpl" class="test.dubbo.service.impl.UserDubboServiceImpl"></bean>
	
	<!-- 同时把spring配置文件也加载 -->
	<import resource="../../applicationContext.xml"/>
</beans>

