<?xml version="1.0" encoding="UTF-8"?>
<beans xmlns="http://www.springframework.org/schema/beans"
    xmlns:xsi="http://www.w3.org/2001/XMLSchema-instance"
    xsi:schemaLocation="http://www.springframework.org/schema/beans
        http://www.springframework.org/schema/beans/spring-beans.xsd">
    <!-- id表示获取到对象标识
    	 class 创建哪个类的对象
     -->
     
     <!-- 无参构造 -->
    <bean id="peo" class="test.pojo.People"></bean>
     <!-- 有参构造 -->
    <bean id="peo1" class="test.pojo.People">
    	<constructor-arg index="0" name="id" type="int" value="123"></constructor-arg>
    	<constructor-arg index="1" name="name" type="java.lang.String" value="Salale"></constructor-arg>
    </bean>
    
    <!-- factory模式 -->
    <bean id="factory" class="test.pojo.PeopleFactory"></bean>
    <bean id="peo2" factory-bean="factory" factory-method="newInstance"></bean>
    
    <!-- 静态工厂 -->
    <bean id="peo3" class="test.pojo.PeopleStaticFactory" factory-method="newInstance"></bean>
    
    <!-- 测试给bean的属性赋值(注入) -->
    <bean id="desk" class="test.pojo.Desk">
    	<property name="id" value="5"></property>
    	<property name="price" value="998"></property>
    </bean>
    
    <bean id="stu" class="test.pojo.Student">
    	<property name="id">
    		<value>111</value>
    	</property>
    	<property name="name">
    		<value>张德华</value>
    	</property>
    	<property name="sets">
    		<set>
    			<value>1</value>
	    		<value>2</value>
	    		<value>3</value>
    		</set>
    	</property>
    	<property name="list">
    		<list>
    			<value>L1</value>
    			<value>L2</value>
    			<value>L3</value>
    		</list>
    	</property>
    	<property name="strs">
    		<array>
    			<value>tttt</value>
    			<value>tttt111</value>
    			<value>34tttt</value>
    		</array>
    	</property>
    	<property name="map">
    		<map>
    			<entry key="k1" value="v1"></entry>
    			<entry key="k2" value="v2"></entry>
    			<entry key="k3" value="v3"></entry>
    		</map>
    	</property>
    	<!-- 属性是对象用ref获取 -->
    	<property name="desk" ref="desk"></property>
    </bean>
</beans>